{"cameraMode":{"drawMode":0,"name":"Shaded","section":"Shading Mode"},"sceneLighting":true,"audioPlay":false,"sceneViewState":{"m_AlwaysRefresh":false,"showFog":true,"showSkybox":true,"showFlares":true,"showImageEffects":true,"showParticleSystems":true,"showVisualEffectGraphs":true,"m_FxEnabled":true},"in2DMode":false,"pivot":{"x":-4.818891525268555,"y":-8.259900093078614,"z":12.220402717590332},"rotation":{"x":-0.173269122838974,"y":-0.042239829897880557,"z":0.007438394241034985,"w":-0.9839428663253784},"size":17.465665817260743,"orthographic":false}