{"cameraMode":{"drawMode":0,"name":"Shaded","section":"Shading Mode"},"sceneLighting":true,"audioPlay":false,"sceneViewState":{"m_AlwaysRefresh":false,"showFog":true,"showSkybox":true,"showFlares":true,"showImageEffects":true,"showParticleSystems":true,"showVisualEffectGraphs":true,"m_FxEnabled":true},"in2DMode":false,"pivot":{"x":-0.23915362358093263,"y":3.222759246826172,"z":1.8090095520019532},"rotation":{"x":-0.04001767188310623,"y":0.09188932925462723,"z":-0.003695972263813019,"w":-0.9949650764465332},"size":6.612610816955566,"orthographic":false}