{"cameraMode":{"drawMode":0,"name":"Shaded","section":"Shading Mode"},"sceneLighting":true,"audioPlay":false,"sceneViewState":{"m_AlwaysRefresh":false,"showFog":true,"showSkybox":true,"showFlares":true,"showImageEffects":true,"showParticleSystems":true,"showVisualEffectGraphs":true,"m_FxEnabled":true},"in2DMode":false,"pivot":{"x":-3.6886019706726076,"y":-1.283625602722168,"z":14.667887687683106},"rotation":{"x":-0.173269122838974,"y":-0.042239829897880557,"z":0.007438394241034985,"w":-0.9839428663253784},"size":20.887073516845704,"orthographic":false}